Gene,Sequence
yaaA,TCCTGCAAGGACTGGATATG
talB,TAAAGAGAAATACTATCATG
dnaK,ATAGTGGAGACGTTTAGATG
serB,ATTTTACAGGAGCCTTAATG
creB,AATAACAGAGGCGATTTATG
creD,TTGCAAAGGAGAAGACTATG
caiD,AAAAATGGAGAAAAGGAATG
kefC,ATGGCAGGAGGCCCATCATG
rob,AAGGATGAGGATATTTTATG
dnaJ,GGGGCAATTTAAAAAAGATG
surA,ATTGAAATGGAAAAAGTATG
nhaR,TGTTATCAGGGAGAGAAATG
thiP,CAGGCATGGATTAGCGAATG
thiQ,AAAACTACCGGGGCGAAATG
yaaU,AAAAAACAGGAATAACCATG
ispH,GGCACTGGAGGCGTAACATG
pdxA,AAAATCCTGAGCAACTAATG
ilvl,AAACAGTGAGGCAGGCCATG
setA,CGCTAAAAAGGGAACGTATG
leuO,TGACAGTGGAGTTAAGTATG