Gene,Shine,Mismatches,Separation,17 upstream bases
yaaA,AGGACT,2,7,TCCTGCAAGGACTGGAT
talB,AAGAGA,2,2,TAAAGAGAAATACTATC
dnaK,TGGAGA,2,4,ATAGTGGAGACGTTTAG
serB,AGGAGC,1,7,ATTTTACAGGAGCCTTA
creB,None,None,None,AATAACAGAGGCGATTT
creD,AGGAGA,1,6,TTGCAAAGGAGAAGACT
caiD,None,None,None,AAAAATGGAGAAAAGGA
kefC,AGGAGG,0,5,ATGGCAGGAGGCCCATC
rob,None,None,None,AAGGATGAGGATATTTT
dnaJ,AAAAAG,3,11,GGGGCAATTTAAAAAAG
surA,None,None,None,ATTGAAATGGAAAAAGT
nhaR,None,None,None,TGTTATCAGGGAGAGAA
thiP,None,None,None,CAGGCATGGATTAGCGA
thiQ,None,None,None,AAAACTACCGGGGCGAA
yaaU,None,None,None,AAAAAACAGGAATAACC
ispH,TGGAGG,1,5,GGCACTGGAGGCGTAAC
pdxA,None,None,None,AAAATCCTGAGCAACTA
ilvl,None,None,None,AAACAGTGAGGCAGGCC
setA,AAAAGG,2,5,CGCTAAAAAGGGAACGT
leuO,TGGAGT,2,6,TGACAGTGGAGTTAAGT
